linea,campo,mensaje
2,general,"SQLSTATE[HY093]: Invalid parameter number"
3,general,"SQLSTATE[HY093]: Invalid parameter number"
4,general,"SQLSTATE[HY093]: Invalid parameter number"
5,general,"SQLSTATE[HY093]: Invalid parameter number"
6,general,"SQLSTATE[HY093]: Invalid parameter number"
7,general,"SQLSTATE[HY093]: Invalid parameter number"
8,general,"SQLSTATE[HY093]: Invalid parameter number"
9,general,"SQLSTATE[HY093]: Invalid parameter number"
10,general,"SQLSTATE[HY093]: Invalid parameter number"
11,general,"SQLSTATE[HY093]: Invalid parameter number"
12,general,"SQLSTATE[HY093]: Invalid parameter number"
13,general,"SQLSTATE[HY093]: Invalid parameter number"
14,general,"SQLSTATE[HY093]: Invalid parameter number"
15,general,"SQLSTATE[HY093]: Invalid parameter number"
16,general,"SQLSTATE[HY093]: Invalid parameter number"
17,general,"SQLSTATE[HY093]: Invalid parameter number"
18,general,"SQLSTATE[HY093]: Invalid parameter number"
19,general,"SQLSTATE[HY093]: Invalid parameter number"
20,general,"SQLSTATE[HY093]: Invalid parameter number"
21,general,"SQLSTATE[HY093]: Invalid parameter number"
22,general,"SQLSTATE[HY093]: Invalid parameter number"
23,general,"SQLSTATE[HY093]: Invalid parameter number"
24,general,"SQLSTATE[HY093]: Invalid parameter number"
25,general,"SQLSTATE[HY093]: Invalid parameter number"
26,general,"SQLSTATE[HY093]: Invalid parameter number"
27,general,"SQLSTATE[HY093]: Invalid parameter number"
28,general,"SQLSTATE[HY093]: Invalid parameter number"
29,general,"SQLSTATE[HY093]: Invalid parameter number"
30,general,"SQLSTATE[HY093]: Invalid parameter number"
31,general,"SQLSTATE[HY093]: Invalid parameter number"
32,general,"SQLSTATE[HY093]: Invalid parameter number"
33,general,"SQLSTATE[HY093]: Invalid parameter number"
34,general,"SQLSTATE[HY093]: Invalid parameter number"
35,general,"SQLSTATE[HY093]: Invalid parameter number"
36,general,"SQLSTATE[HY093]: Invalid parameter number"
37,general,"SQLSTATE[HY093]: Invalid parameter number"
38,general,"SQLSTATE[HY093]: Invalid parameter number"
39,general,"SQLSTATE[HY093]: Invalid parameter number"
40,general,"SQLSTATE[HY093]: Invalid parameter number"
41,general,"SQLSTATE[HY093]: Invalid parameter number"
42,general,"SQLSTATE[HY093]: Invalid parameter number"
43,general,"SQLSTATE[HY093]: Invalid parameter number"
44,general,"SQLSTATE[HY093]: Invalid parameter number"
45,general,"SQLSTATE[HY093]: Invalid parameter number"
46,general,"SQLSTATE[HY093]: Invalid parameter number"
47,general,"SQLSTATE[HY093]: Invalid parameter number"
48,general,"SQLSTATE[HY093]: Invalid parameter number"
49,general,"SQLSTATE[HY093]: Invalid parameter number"
50,general,"SQLSTATE[HY093]: Invalid parameter number"
51,general,"SQLSTATE[HY093]: Invalid parameter number"
52,general,"SQLSTATE[HY093]: Invalid parameter number"
53,general,"SQLSTATE[HY093]: Invalid parameter number"
54,general,"SQLSTATE[HY093]: Invalid parameter number"
55,general,"SQLSTATE[HY093]: Invalid parameter number"
56,general,"SQLSTATE[HY093]: Invalid parameter number"
57,general,"SQLSTATE[HY093]: Invalid parameter number"
58,general,"SQLSTATE[HY093]: Invalid parameter number"
59,general,"SQLSTATE[HY093]: Invalid parameter number"
60,general,"SQLSTATE[HY093]: Invalid parameter number"
61,general,"SQLSTATE[HY093]: Invalid parameter number"
62,general,"SQLSTATE[HY093]: Invalid parameter number"
63,general,"SQLSTATE[HY093]: Invalid parameter number"
64,general,"SQLSTATE[HY093]: Invalid parameter number"
65,general,"SQLSTATE[HY093]: Invalid parameter number"
66,general,"SQLSTATE[HY093]: Invalid parameter number"
67,general,"SQLSTATE[HY093]: Invalid parameter number"
68,general,"SQLSTATE[HY093]: Invalid parameter number"
69,general,"SQLSTATE[HY093]: Invalid parameter number"
70,general,"SQLSTATE[HY093]: Invalid parameter number"
71,general,"SQLSTATE[HY093]: Invalid parameter number"
72,general,"SQLSTATE[HY093]: Invalid parameter number"
73,general,"SQLSTATE[HY093]: Invalid parameter number"
74,general,"SQLSTATE[HY093]: Invalid parameter number"
75,general,"SQLSTATE[HY093]: Invalid parameter number"
76,general,"SQLSTATE[HY093]: Invalid parameter number"
77,general,"SQLSTATE[HY093]: Invalid parameter number"
78,general,"SQLSTATE[HY093]: Invalid parameter number"
79,general,"SQLSTATE[HY093]: Invalid parameter number"
80,general,"SQLSTATE[HY093]: Invalid parameter number"
81,general,"SQLSTATE[HY093]: Invalid parameter number"
82,general,"SQLSTATE[HY093]: Invalid parameter number"
83,general,"SQLSTATE[HY093]: Invalid parameter number"
84,general,"SQLSTATE[HY093]: Invalid parameter number"
85,general,"SQLSTATE[HY093]: Invalid parameter number"
86,general,"SQLSTATE[HY093]: Invalid parameter number"
87,general,"SQLSTATE[HY093]: Invalid parameter number"
88,general,"SQLSTATE[HY093]: Invalid parameter number"
89,general,"SQLSTATE[HY093]: Invalid parameter number"
90,general,"SQLSTATE[HY093]: Invalid parameter number"
91,general,"SQLSTATE[HY093]: Invalid parameter number"
92,general,"SQLSTATE[HY093]: Invalid parameter number"
93,general,"SQLSTATE[HY093]: Invalid parameter number"
94,general,"SQLSTATE[HY093]: Invalid parameter number"
95,general,"SQLSTATE[HY093]: Invalid parameter number"
96,general,"SQLSTATE[HY093]: Invalid parameter number"
97,general,"SQLSTATE[HY093]: Invalid parameter number"
98,general,"SQLSTATE[HY093]: Invalid parameter number"
99,general,"SQLSTATE[HY093]: Invalid parameter number"
100,general,"SQLSTATE[HY093]: Invalid parameter number"
101,general,"SQLSTATE[HY093]: Invalid parameter number"
102,general,"SQLSTATE[HY093]: Invalid parameter number"
103,general,"SQLSTATE[HY093]: Invalid parameter number"
104,general,"SQLSTATE[HY093]: Invalid parameter number"
105,general,"SQLSTATE[HY093]: Invalid parameter number"
106,general,"SQLSTATE[HY093]: Invalid parameter number"
107,general,"SQLSTATE[HY093]: Invalid parameter number"
108,general,"SQLSTATE[HY093]: Invalid parameter number"
109,general,"SQLSTATE[HY093]: Invalid parameter number"
110,general,"SQLSTATE[HY093]: Invalid parameter number"
111,general,"SQLSTATE[HY093]: Invalid parameter number"
112,general,"SQLSTATE[HY093]: Invalid parameter number"
113,general,"SQLSTATE[HY093]: Invalid parameter number"
114,general,"SQLSTATE[HY093]: Invalid parameter number"
115,general,"SQLSTATE[HY093]: Invalid parameter number"
116,general,"SQLSTATE[HY093]: Invalid parameter number"
117,general,"SQLSTATE[HY093]: Invalid parameter number"
118,general,"SQLSTATE[HY093]: Invalid parameter number"
119,general,"SQLSTATE[HY093]: Invalid parameter number"
120,general,"SQLSTATE[HY093]: Invalid parameter number"
121,general,"SQLSTATE[HY093]: Invalid parameter number"
122,general,"SQLSTATE[HY093]: Invalid parameter number"
123,general,"SQLSTATE[HY093]: Invalid parameter number"
124,general,"SQLSTATE[HY093]: Invalid parameter number"
125,general,"SQLSTATE[HY093]: Invalid parameter number"
126,general,"SQLSTATE[HY093]: Invalid parameter number"
127,general,"SQLSTATE[HY093]: Invalid parameter number"
128,general,"SQLSTATE[HY093]: Invalid parameter number"
129,general,"SQLSTATE[HY093]: Invalid parameter number"
130,general,"SQLSTATE[HY093]: Invalid parameter number"
131,general,"SQLSTATE[HY093]: Invalid parameter number"
132,general,"SQLSTATE[HY093]: Invalid parameter number"
133,general,"SQLSTATE[HY093]: Invalid parameter number"
134,general,"SQLSTATE[HY093]: Invalid parameter number"
135,general,"SQLSTATE[HY093]: Invalid parameter number"
136,general,"SQLSTATE[HY093]: Invalid parameter number"
137,general,"SQLSTATE[HY093]: Invalid parameter number"
138,general,"SQLSTATE[HY093]: Invalid parameter number"
139,general,"SQLSTATE[HY093]: Invalid parameter number"
140,general,"SQLSTATE[HY093]: Invalid parameter number"
141,general,"SQLSTATE[HY093]: Invalid parameter number"
142,general,"SQLSTATE[HY093]: Invalid parameter number"
143,general,"SQLSTATE[HY093]: Invalid parameter number"
144,general,"SQLSTATE[HY093]: Invalid parameter number"
145,general,"SQLSTATE[HY093]: Invalid parameter number"
146,general,"SQLSTATE[HY093]: Invalid parameter number"
147,general,"SQLSTATE[HY093]: Invalid parameter number"
148,general,"SQLSTATE[HY093]: Invalid parameter number"
149,general,"SQLSTATE[HY093]: Invalid parameter number"
150,general,"SQLSTATE[HY093]: Invalid parameter number"
151,general,"SQLSTATE[HY093]: Invalid parameter number"
152,general,"SQLSTATE[HY093]: Invalid parameter number"
153,general,"SQLSTATE[HY093]: Invalid parameter number"
154,general,"SQLSTATE[HY093]: Invalid parameter number"
155,general,"SQLSTATE[HY093]: Invalid parameter number"
156,general,"SQLSTATE[HY093]: Invalid parameter number"
157,general,"SQLSTATE[HY093]: Invalid parameter number"
158,general,"SQLSTATE[HY093]: Invalid parameter number"
159,general,"SQLSTATE[HY093]: Invalid parameter number"
160,general,"SQLSTATE[HY093]: Invalid parameter number"
161,general,"SQLSTATE[HY093]: Invalid parameter number"
162,general,"SQLSTATE[HY093]: Invalid parameter number"
163,general,"SQLSTATE[HY093]: Invalid parameter number"
164,general,"SQLSTATE[HY093]: Invalid parameter number"
165,general,"SQLSTATE[HY093]: Invalid parameter number"
166,general,"SQLSTATE[HY093]: Invalid parameter number"
167,general,"SQLSTATE[HY093]: Invalid parameter number"
168,general,"SQLSTATE[HY093]: Invalid parameter number"
169,general,"SQLSTATE[HY093]: Invalid parameter number"
170,general,"SQLSTATE[HY093]: Invalid parameter number"
171,general,"SQLSTATE[HY093]: Invalid parameter number"
172,general,"SQLSTATE[HY093]: Invalid parameter number"
173,general,"SQLSTATE[HY093]: Invalid parameter number"
174,general,"SQLSTATE[HY093]: Invalid parameter number"
175,general,"SQLSTATE[HY093]: Invalid parameter number"
176,general,"SQLSTATE[HY093]: Invalid parameter number"
177,general,"SQLSTATE[HY093]: Invalid parameter number"
178,general,"SQLSTATE[HY093]: Invalid parameter number"
179,general,"SQLSTATE[HY093]: Invalid parameter number"
180,general,"SQLSTATE[HY093]: Invalid parameter number"
181,general,"SQLSTATE[HY093]: Invalid parameter number"
182,general,"SQLSTATE[HY093]: Invalid parameter number"
183,general,"SQLSTATE[HY093]: Invalid parameter number"
184,general,"SQLSTATE[HY093]: Invalid parameter number"
185,general,"SQLSTATE[HY093]: Invalid parameter number"
186,general,"SQLSTATE[HY093]: Invalid parameter number"
187,general,"SQLSTATE[HY093]: Invalid parameter number"
188,general,"SQLSTATE[HY093]: Invalid parameter number"
189,general,"SQLSTATE[HY093]: Invalid parameter number"
190,general,"SQLSTATE[HY093]: Invalid parameter number"
191,general,"SQLSTATE[HY093]: Invalid parameter number"
192,general,"SQLSTATE[HY093]: Invalid parameter number"
193,general,"SQLSTATE[HY093]: Invalid parameter number"
194,general,"SQLSTATE[HY093]: Invalid parameter number"
195,general,"SQLSTATE[HY093]: Invalid parameter number"
196,general,"SQLSTATE[HY093]: Invalid parameter number"
197,general,"SQLSTATE[HY093]: Invalid parameter number"
198,general,"SQLSTATE[HY093]: Invalid parameter number"
199,general,"SQLSTATE[HY093]: Invalid parameter number"
200,general,"SQLSTATE[HY093]: Invalid parameter number"
201,general,"SQLSTATE[HY093]: Invalid parameter number"
202,general,"SQLSTATE[HY093]: Invalid parameter number"
203,general,"SQLSTATE[HY093]: Invalid parameter number"
204,general,"SQLSTATE[HY093]: Invalid parameter number"
205,general,"SQLSTATE[HY093]: Invalid parameter number"
206,general,"SQLSTATE[HY093]: Invalid parameter number"
207,general,"SQLSTATE[HY093]: Invalid parameter number"
208,general,"SQLSTATE[HY093]: Invalid parameter number"
209,general,"SQLSTATE[HY093]: Invalid parameter number"
210,general,"SQLSTATE[HY093]: Invalid parameter number"
211,general,"SQLSTATE[HY093]: Invalid parameter number"
212,general,"SQLSTATE[HY093]: Invalid parameter number"
213,general,"SQLSTATE[HY093]: Invalid parameter number"
214,general,"SQLSTATE[HY093]: Invalid parameter number"
215,general,"SQLSTATE[HY093]: Invalid parameter number"
216,general,"SQLSTATE[HY093]: Invalid parameter number"
217,general,"SQLSTATE[HY093]: Invalid parameter number"
218,general,"SQLSTATE[HY093]: Invalid parameter number"
219,general,"SQLSTATE[HY093]: Invalid parameter number"
220,general,"SQLSTATE[HY093]: Invalid parameter number"
221,general,"SQLSTATE[HY093]: Invalid parameter number"
222,general,"SQLSTATE[HY093]: Invalid parameter number"
223,general,"SQLSTATE[HY093]: Invalid parameter number"
224,general,"SQLSTATE[HY093]: Invalid parameter number"
225,general,"SQLSTATE[HY093]: Invalid parameter number"
226,general,"SQLSTATE[HY093]: Invalid parameter number"
227,general,"SQLSTATE[HY093]: Invalid parameter number"
228,general,"SQLSTATE[HY093]: Invalid parameter number"
229,general,"SQLSTATE[HY093]: Invalid parameter number"
230,general,"SQLSTATE[HY093]: Invalid parameter number"
231,general,"SQLSTATE[HY093]: Invalid parameter number"
232,general,"SQLSTATE[HY093]: Invalid parameter number"
233,general,"SQLSTATE[HY093]: Invalid parameter number"
234,general,"SQLSTATE[HY093]: Invalid parameter number"
235,general,"SQLSTATE[HY093]: Invalid parameter number"
236,general,"SQLSTATE[HY093]: Invalid parameter number"
237,general,"SQLSTATE[HY093]: Invalid parameter number"
238,general,"SQLSTATE[HY093]: Invalid parameter number"
239,general,"SQLSTATE[HY093]: Invalid parameter number"
240,general,"SQLSTATE[HY093]: Invalid parameter number"
241,general,"SQLSTATE[HY093]: Invalid parameter number"
242,general,"SQLSTATE[HY093]: Invalid parameter number"
243,general,"SQLSTATE[HY093]: Invalid parameter number"
244,general,"SQLSTATE[HY093]: Invalid parameter number"
245,general,"SQLSTATE[HY093]: Invalid parameter number"
246,general,"SQLSTATE[HY093]: Invalid parameter number"
247,general,"SQLSTATE[HY093]: Invalid parameter number"
248,general,"SQLSTATE[HY093]: Invalid parameter number"
249,general,"SQLSTATE[HY093]: Invalid parameter number"
250,general,"SQLSTATE[HY093]: Invalid parameter number"
251,general,"SQLSTATE[HY093]: Invalid parameter number"
252,general,"SQLSTATE[HY093]: Invalid parameter number"
253,general,"SQLSTATE[HY093]: Invalid parameter number"
254,general,"SQLSTATE[HY093]: Invalid parameter number"
255,general,"SQLSTATE[HY093]: Invalid parameter number"
256,general,"SQLSTATE[HY093]: Invalid parameter number"
257,general,"SQLSTATE[HY093]: Invalid parameter number"
258,general,"SQLSTATE[HY093]: Invalid parameter number"
259,general,"SQLSTATE[HY093]: Invalid parameter number"
260,general,"SQLSTATE[HY093]: Invalid parameter number"
261,general,"SQLSTATE[HY093]: Invalid parameter number"
262,general,"SQLSTATE[HY093]: Invalid parameter number"
263,general,"SQLSTATE[HY093]: Invalid parameter number"
264,general,"SQLSTATE[HY093]: Invalid parameter number"
265,general,"SQLSTATE[HY093]: Invalid parameter number"
266,general,"SQLSTATE[HY093]: Invalid parameter number"
267,general,"SQLSTATE[HY093]: Invalid parameter number"
268,general,"SQLSTATE[HY093]: Invalid parameter number"
269,general,"SQLSTATE[HY093]: Invalid parameter number"
270,general,"SQLSTATE[HY093]: Invalid parameter number"
271,general,"SQLSTATE[HY093]: Invalid parameter number"
272,general,"SQLSTATE[HY093]: Invalid parameter number"
273,general,"SQLSTATE[HY093]: Invalid parameter number"
274,general,"SQLSTATE[HY093]: Invalid parameter number"
275,general,"SQLSTATE[HY093]: Invalid parameter number"
276,general,"SQLSTATE[HY093]: Invalid parameter number"
277,general,"SQLSTATE[HY093]: Invalid parameter number"
278,general,"SQLSTATE[HY093]: Invalid parameter number"
279,general,"SQLSTATE[HY093]: Invalid parameter number"
280,general,"SQLSTATE[HY093]: Invalid parameter number"
281,general,"SQLSTATE[HY093]: Invalid parameter number"
282,general,"SQLSTATE[HY093]: Invalid parameter number"
283,general,"SQLSTATE[HY093]: Invalid parameter number"
284,general,"SQLSTATE[HY093]: Invalid parameter number"
285,general,"SQLSTATE[HY093]: Invalid parameter number"
286,general,"SQLSTATE[HY093]: Invalid parameter number"
287,general,"SQLSTATE[HY093]: Invalid parameter number"
288,general,"SQLSTATE[HY093]: Invalid parameter number"
289,general,"SQLSTATE[HY093]: Invalid parameter number"
290,general,"SQLSTATE[HY093]: Invalid parameter number"
291,general,"SQLSTATE[HY093]: Invalid parameter number"
292,general,"SQLSTATE[HY093]: Invalid parameter number"
293,general,"SQLSTATE[HY093]: Invalid parameter number"
294,general,"SQLSTATE[HY093]: Invalid parameter number"
295,general,"SQLSTATE[HY093]: Invalid parameter number"
296,general,"SQLSTATE[HY093]: Invalid parameter number"
297,general,"SQLSTATE[HY093]: Invalid parameter number"
298,general,"SQLSTATE[HY093]: Invalid parameter number"
299,general,"SQLSTATE[HY093]: Invalid parameter number"
300,general,"SQLSTATE[HY093]: Invalid parameter number"
301,general,"SQLSTATE[HY093]: Invalid parameter number"
302,general,"SQLSTATE[HY093]: Invalid parameter number"
303,general,"SQLSTATE[HY093]: Invalid parameter number"
304,general,"SQLSTATE[HY093]: Invalid parameter number"
305,general,"SQLSTATE[HY093]: Invalid parameter number"
306,general,"SQLSTATE[HY093]: Invalid parameter number"
307,general,"SQLSTATE[HY093]: Invalid parameter number"
308,general,"SQLSTATE[HY093]: Invalid parameter number"
309,general,"SQLSTATE[HY093]: Invalid parameter number"
310,general,"SQLSTATE[HY093]: Invalid parameter number"
311,general,"SQLSTATE[HY093]: Invalid parameter number"
312,general,"SQLSTATE[HY093]: Invalid parameter number"
313,general,"SQLSTATE[HY093]: Invalid parameter number"
314,general,"SQLSTATE[HY093]: Invalid parameter number"
315,general,"SQLSTATE[HY093]: Invalid parameter number"
316,general,"SQLSTATE[HY093]: Invalid parameter number"
317,general,"SQLSTATE[HY093]: Invalid parameter number"
318,general,"SQLSTATE[HY093]: Invalid parameter number"
319,general,"SQLSTATE[HY093]: Invalid parameter number"
320,general,"SQLSTATE[HY093]: Invalid parameter number"
321,general,"SQLSTATE[HY093]: Invalid parameter number"
322,general,"SQLSTATE[HY093]: Invalid parameter number"
323,general,"SQLSTATE[HY093]: Invalid parameter number"
324,general,"SQLSTATE[HY093]: Invalid parameter number"
325,general,"SQLSTATE[HY093]: Invalid parameter number"
326,general,"SQLSTATE[HY093]: Invalid parameter number"
327,general,"SQLSTATE[HY093]: Invalid parameter number"
328,general,"SQLSTATE[HY093]: Invalid parameter number"
329,general,"SQLSTATE[HY093]: Invalid parameter number"
330,general,"SQLSTATE[HY093]: Invalid parameter number"
331,general,"SQLSTATE[HY093]: Invalid parameter number"
332,general,"SQLSTATE[HY093]: Invalid parameter number"
333,general,"SQLSTATE[HY093]: Invalid parameter number"
334,general,"SQLSTATE[HY093]: Invalid parameter number"
335,general,"SQLSTATE[HY093]: Invalid parameter number"
336,general,"SQLSTATE[HY093]: Invalid parameter number"
337,general,"SQLSTATE[HY093]: Invalid parameter number"
338,general,"SQLSTATE[HY093]: Invalid parameter number"
339,general,"SQLSTATE[HY093]: Invalid parameter number"
340,general,"SQLSTATE[HY093]: Invalid parameter number"
341,general,"SQLSTATE[HY093]: Invalid parameter number"
342,general,"SQLSTATE[HY093]: Invalid parameter number"
343,general,"SQLSTATE[HY093]: Invalid parameter number"
344,general,"SQLSTATE[HY093]: Invalid parameter number"
345,general,"SQLSTATE[HY093]: Invalid parameter number"
346,general,"SQLSTATE[HY093]: Invalid parameter number"
347,general,"SQLSTATE[HY093]: Invalid parameter number"
348,general,"SQLSTATE[HY093]: Invalid parameter number"
349,general,"SQLSTATE[HY093]: Invalid parameter number"
350,general,"SQLSTATE[HY093]: Invalid parameter number"
351,general,"SQLSTATE[HY093]: Invalid parameter number"
352,general,"SQLSTATE[HY093]: Invalid parameter number"
353,general,"SQLSTATE[HY093]: Invalid parameter number"
354,general,"SQLSTATE[HY093]: Invalid parameter number"
355,general,"SQLSTATE[HY093]: Invalid parameter number"
356,general,"SQLSTATE[HY093]: Invalid parameter number"
357,general,"SQLSTATE[HY093]: Invalid parameter number"
358,general,"SQLSTATE[HY093]: Invalid parameter number"
359,general,"SQLSTATE[HY093]: Invalid parameter number"
360,general,"SQLSTATE[HY093]: Invalid parameter number"
361,general,"SQLSTATE[HY093]: Invalid parameter number"
362,general,"SQLSTATE[HY093]: Invalid parameter number"
363,general,"SQLSTATE[HY093]: Invalid parameter number"
364,general,"SQLSTATE[HY093]: Invalid parameter number"
365,general,"SQLSTATE[HY093]: Invalid parameter number"
366,general,"SQLSTATE[HY093]: Invalid parameter number"
367,general,"SQLSTATE[HY093]: Invalid parameter number"
368,general,"SQLSTATE[HY093]: Invalid parameter number"
369,general,"SQLSTATE[HY093]: Invalid parameter number"
370,general,"SQLSTATE[HY093]: Invalid parameter number"
371,general,"SQLSTATE[HY093]: Invalid parameter number"
372,general,"SQLSTATE[HY093]: Invalid parameter number"
373,general,"SQLSTATE[HY093]: Invalid parameter number"
374,general,"SQLSTATE[HY093]: Invalid parameter number"
375,general,"SQLSTATE[HY093]: Invalid parameter number"
376,general,"SQLSTATE[HY093]: Invalid parameter number"
377,general,"SQLSTATE[HY093]: Invalid parameter number"
378,general,"SQLSTATE[HY093]: Invalid parameter number"
379,general,"SQLSTATE[HY093]: Invalid parameter number"
380,general,"SQLSTATE[HY093]: Invalid parameter number"
381,general,"SQLSTATE[HY093]: Invalid parameter number"
382,general,"SQLSTATE[HY093]: Invalid parameter number"
383,general,"SQLSTATE[HY093]: Invalid parameter number"
384,general,"SQLSTATE[HY093]: Invalid parameter number"
385,general,"SQLSTATE[HY093]: Invalid parameter number"
386,general,"SQLSTATE[HY093]: Invalid parameter number"
387,general,"SQLSTATE[HY093]: Invalid parameter number"
388,general,"SQLSTATE[HY093]: Invalid parameter number"
389,general,"SQLSTATE[HY093]: Invalid parameter number"
390,general,"SQLSTATE[HY093]: Invalid parameter number"
391,general,"SQLSTATE[HY093]: Invalid parameter number"
392,general,"SQLSTATE[HY093]: Invalid parameter number"
393,general,"SQLSTATE[HY093]: Invalid parameter number"
394,general,"SQLSTATE[HY093]: Invalid parameter number"
395,general,"SQLSTATE[HY093]: Invalid parameter number"
396,general,"SQLSTATE[HY093]: Invalid parameter number"
397,general,"SQLSTATE[HY093]: Invalid parameter number"
398,general,"SQLSTATE[HY093]: Invalid parameter number"
399,general,"SQLSTATE[HY093]: Invalid parameter number"
400,general,"SQLSTATE[HY093]: Invalid parameter number"
401,general,"SQLSTATE[HY093]: Invalid parameter number"
402,general,"SQLSTATE[HY093]: Invalid parameter number"
403,general,"SQLSTATE[HY093]: Invalid parameter number"
404,general,"SQLSTATE[HY093]: Invalid parameter number"
405,general,"SQLSTATE[HY093]: Invalid parameter number"
406,general,"SQLSTATE[HY093]: Invalid parameter number"
407,general,"SQLSTATE[HY093]: Invalid parameter number"
408,general,"SQLSTATE[HY093]: Invalid parameter number"
409,general,"SQLSTATE[HY093]: Invalid parameter number"
410,general,"SQLSTATE[HY093]: Invalid parameter number"
411,general,"SQLSTATE[HY093]: Invalid parameter number"
412,general,"SQLSTATE[HY093]: Invalid parameter number"
413,general,"SQLSTATE[HY093]: Invalid parameter number"
414,general,"SQLSTATE[HY093]: Invalid parameter number"
415,general,"SQLSTATE[HY093]: Invalid parameter number"
416,general,"SQLSTATE[HY093]: Invalid parameter number"
417,general,"SQLSTATE[HY093]: Invalid parameter number"
418,general,"SQLSTATE[HY093]: Invalid parameter number"
419,general,"SQLSTATE[HY093]: Invalid parameter number"
420,general,"SQLSTATE[HY093]: Invalid parameter number"
421,general,"SQLSTATE[HY093]: Invalid parameter number"
422,general,"SQLSTATE[HY093]: Invalid parameter number"
423,general,"SQLSTATE[HY093]: Invalid parameter number"
424,general,"SQLSTATE[HY093]: Invalid parameter number"
425,general,"SQLSTATE[HY093]: Invalid parameter number"
426,general,"SQLSTATE[HY093]: Invalid parameter number"
427,general,"SQLSTATE[HY093]: Invalid parameter number"
428,general,"SQLSTATE[HY093]: Invalid parameter number"
429,general,"SQLSTATE[HY093]: Invalid parameter number"
430,general,"SQLSTATE[HY093]: Invalid parameter number"
431,general,"SQLSTATE[HY093]: Invalid parameter number"
432,general,"SQLSTATE[HY093]: Invalid parameter number"
433,general,"SQLSTATE[HY093]: Invalid parameter number"
434,general,"SQLSTATE[HY093]: Invalid parameter number"
435,general,"SQLSTATE[HY093]: Invalid parameter number"
436,general,"SQLSTATE[HY093]: Invalid parameter number"
437,general,"SQLSTATE[HY093]: Invalid parameter number"
438,general,"SQLSTATE[HY093]: Invalid parameter number"
439,general,"SQLSTATE[HY093]: Invalid parameter number"
440,general,"SQLSTATE[HY093]: Invalid parameter number"
441,general,"SQLSTATE[HY093]: Invalid parameter number"
442,general,"SQLSTATE[HY093]: Invalid parameter number"
443,general,"SQLSTATE[HY093]: Invalid parameter number"
444,general,"SQLSTATE[HY093]: Invalid parameter number"
445,general,"SQLSTATE[HY093]: Invalid parameter number"
446,general,"SQLSTATE[HY093]: Invalid parameter number"
447,general,"SQLSTATE[HY093]: Invalid parameter number"
448,general,"SQLSTATE[HY093]: Invalid parameter number"
449,general,"SQLSTATE[HY093]: Invalid parameter number"
450,general,"SQLSTATE[HY093]: Invalid parameter number"
451,general,"SQLSTATE[HY093]: Invalid parameter number"
452,general,"SQLSTATE[HY093]: Invalid parameter number"
453,general,"SQLSTATE[HY093]: Invalid parameter number"
454,general,"SQLSTATE[HY093]: Invalid parameter number"
455,general,"SQLSTATE[HY093]: Invalid parameter number"
456,general,"SQLSTATE[HY093]: Invalid parameter number"
457,general,"SQLSTATE[HY093]: Invalid parameter number"
458,general,"SQLSTATE[HY093]: Invalid parameter number"
459,general,"SQLSTATE[HY093]: Invalid parameter number"
460,general,"SQLSTATE[HY093]: Invalid parameter number"
461,general,"SQLSTATE[HY093]: Invalid parameter number"
462,general,"SQLSTATE[HY093]: Invalid parameter number"
463,general,"SQLSTATE[HY093]: Invalid parameter number"
464,general,"SQLSTATE[HY093]: Invalid parameter number"
465,general,"SQLSTATE[HY093]: Invalid parameter number"
466,general,"SQLSTATE[HY093]: Invalid parameter number"
467,general,"SQLSTATE[HY093]: Invalid parameter number"
468,general,"SQLSTATE[HY093]: Invalid parameter number"
469,general,"SQLSTATE[HY093]: Invalid parameter number"
470,general,"SQLSTATE[HY093]: Invalid parameter number"
471,general,"SQLSTATE[HY093]: Invalid parameter number"
472,general,"SQLSTATE[HY093]: Invalid parameter number"
473,general,"SQLSTATE[HY093]: Invalid parameter number"
474,general,"SQLSTATE[HY093]: Invalid parameter number"
475,general,"SQLSTATE[HY093]: Invalid parameter number"
476,general,"SQLSTATE[HY093]: Invalid parameter number"
477,general,"SQLSTATE[HY093]: Invalid parameter number"
478,general,"SQLSTATE[HY093]: Invalid parameter number"
479,general,"SQLSTATE[HY093]: Invalid parameter number"
480,general,"SQLSTATE[HY093]: Invalid parameter number"
481,general,"SQLSTATE[HY093]: Invalid parameter number"
482,general,"SQLSTATE[HY093]: Invalid parameter number"
483,general,"SQLSTATE[HY093]: Invalid parameter number"
484,general,"SQLSTATE[HY093]: Invalid parameter number"
485,general,"SQLSTATE[HY093]: Invalid parameter number"
486,general,"SQLSTATE[HY093]: Invalid parameter number"
487,general,"SQLSTATE[HY093]: Invalid parameter number"
488,general,"SQLSTATE[HY093]: Invalid parameter number"
489,general,"SQLSTATE[HY093]: Invalid parameter number"
490,general,"SQLSTATE[HY093]: Invalid parameter number"
491,general,"SQLSTATE[HY093]: Invalid parameter number"
492,general,"SQLSTATE[HY093]: Invalid parameter number"
493,general,"SQLSTATE[HY093]: Invalid parameter number"
494,general,"SQLSTATE[HY093]: Invalid parameter number"
495,general,"SQLSTATE[HY093]: Invalid parameter number"
496,general,"SQLSTATE[HY093]: Invalid parameter number"
497,general,"SQLSTATE[HY093]: Invalid parameter number"
498,general,"SQLSTATE[HY093]: Invalid parameter number"
499,general,"SQLSTATE[HY093]: Invalid parameter number"
500,general,"SQLSTATE[HY093]: Invalid parameter number"
501,general,"SQLSTATE[HY093]: Invalid parameter number"
502,general,"SQLSTATE[HY093]: Invalid parameter number"
503,general,"SQLSTATE[HY093]: Invalid parameter number"
504,general,"SQLSTATE[HY093]: Invalid parameter number"
505,general,"SQLSTATE[HY093]: Invalid parameter number"
506,general,"SQLSTATE[HY093]: Invalid parameter number"
507,general,"SQLSTATE[HY093]: Invalid parameter number"
508,general,"SQLSTATE[HY093]: Invalid parameter number"
509,general,"SQLSTATE[HY093]: Invalid parameter number"
510,general,"SQLSTATE[HY093]: Invalid parameter number"
511,general,"SQLSTATE[HY093]: Invalid parameter number"
512,general,"SQLSTATE[HY093]: Invalid parameter number"
513,general,"SQLSTATE[HY093]: Invalid parameter number"
514,general,"SQLSTATE[HY093]: Invalid parameter number"
515,general,"SQLSTATE[HY093]: Invalid parameter number"
516,general,"SQLSTATE[HY093]: Invalid parameter number"
517,general,"SQLSTATE[HY093]: Invalid parameter number"
518,general,"SQLSTATE[HY093]: Invalid parameter number"
519,general,"SQLSTATE[HY093]: Invalid parameter number"
520,general,"SQLSTATE[HY093]: Invalid parameter number"
521,general,"SQLSTATE[HY093]: Invalid parameter number"
522,general,"SQLSTATE[HY093]: Invalid parameter number"
523,general,"SQLSTATE[HY093]: Invalid parameter number"
524,general,"SQLSTATE[HY093]: Invalid parameter number"
525,general,"SQLSTATE[HY093]: Invalid parameter number"
526,general,"SQLSTATE[HY093]: Invalid parameter number"
527,general,"SQLSTATE[HY093]: Invalid parameter number"
528,general,"SQLSTATE[HY093]: Invalid parameter number"
529,general,"SQLSTATE[HY093]: Invalid parameter number"
530,general,"SQLSTATE[HY093]: Invalid parameter number"
531,general,"SQLSTATE[HY093]: Invalid parameter number"
532,general,"SQLSTATE[HY093]: Invalid parameter number"
533,general,"SQLSTATE[HY093]: Invalid parameter number"
534,general,"SQLSTATE[HY093]: Invalid parameter number"
535,general,"SQLSTATE[HY093]: Invalid parameter number"
536,general,"SQLSTATE[HY093]: Invalid parameter number"
537,general,"SQLSTATE[HY093]: Invalid parameter number"
538,general,"SQLSTATE[HY093]: Invalid parameter number"
539,general,"SQLSTATE[HY093]: Invalid parameter number"
540,general,"SQLSTATE[HY093]: Invalid parameter number"
541,general,"SQLSTATE[HY093]: Invalid parameter number"
542,general,"SQLSTATE[HY093]: Invalid parameter number"
543,general,"SQLSTATE[HY093]: Invalid parameter number"
544,general,"SQLSTATE[HY093]: Invalid parameter number"
545,general,"SQLSTATE[HY093]: Invalid parameter number"
546,general,"SQLSTATE[HY093]: Invalid parameter number"
547,general,"SQLSTATE[HY093]: Invalid parameter number"
548,general,"SQLSTATE[HY093]: Invalid parameter number"
549,general,"SQLSTATE[HY093]: Invalid parameter number"
550,general,"SQLSTATE[HY093]: Invalid parameter number"
551,general,"SQLSTATE[HY093]: Invalid parameter number"
552,general,"SQLSTATE[HY093]: Invalid parameter number"
553,general,"SQLSTATE[HY093]: Invalid parameter number"
554,general,"SQLSTATE[HY093]: Invalid parameter number"
555,general,"SQLSTATE[HY093]: Invalid parameter number"
556,general,"SQLSTATE[HY093]: Invalid parameter number"
557,general,"SQLSTATE[HY093]: Invalid parameter number"
558,general,"SQLSTATE[HY093]: Invalid parameter number"
559,general,"SQLSTATE[HY093]: Invalid parameter number"
560,general,"SQLSTATE[HY093]: Invalid parameter number"
561,general,"SQLSTATE[HY093]: Invalid parameter number"
562,general,"SQLSTATE[HY093]: Invalid parameter number"
563,general,"SQLSTATE[HY093]: Invalid parameter number"
564,general,"SQLSTATE[HY093]: Invalid parameter number"
565,general,"SQLSTATE[HY093]: Invalid parameter number"
566,general,"SQLSTATE[HY093]: Invalid parameter number"
567,general,"SQLSTATE[HY093]: Invalid parameter number"
568,general,"SQLSTATE[HY093]: Invalid parameter number"
569,general,"SQLSTATE[HY093]: Invalid parameter number"
570,general,"SQLSTATE[HY093]: Invalid parameter number"
571,general,"SQLSTATE[HY093]: Invalid parameter number"
572,general,"SQLSTATE[HY093]: Invalid parameter number"
573,general,"SQLSTATE[HY093]: Invalid parameter number"
574,general,"SQLSTATE[HY093]: Invalid parameter number"
575,general,"SQLSTATE[HY093]: Invalid parameter number"
576,general,"SQLSTATE[HY093]: Invalid parameter number"
577,general,"SQLSTATE[HY093]: Invalid parameter number"
578,general,"SQLSTATE[HY093]: Invalid parameter number"
579,general,"SQLSTATE[HY093]: Invalid parameter number"
580,general,"SQLSTATE[HY093]: Invalid parameter number"
581,general,"SQLSTATE[HY093]: Invalid parameter number"
582,general,"SQLSTATE[HY093]: Invalid parameter number"
583,general,"SQLSTATE[HY093]: Invalid parameter number"
584,general,"SQLSTATE[HY093]: Invalid parameter number"
585,general,"SQLSTATE[HY093]: Invalid parameter number"
586,general,"SQLSTATE[HY093]: Invalid parameter number"
587,general,"SQLSTATE[HY093]: Invalid parameter number"
588,general,"SQLSTATE[HY093]: Invalid parameter number"
589,general,"SQLSTATE[HY093]: Invalid parameter number"
590,general,"SQLSTATE[HY093]: Invalid parameter number"
591,general,"SQLSTATE[HY093]: Invalid parameter number"
592,general,"SQLSTATE[HY093]: Invalid parameter number"
593,general,"SQLSTATE[HY093]: Invalid parameter number"
594,general,"SQLSTATE[HY093]: Invalid parameter number"
595,general,"SQLSTATE[HY093]: Invalid parameter number"
596,general,"SQLSTATE[HY093]: Invalid parameter number"
597,general,"SQLSTATE[HY093]: Invalid parameter number"
598,general,"SQLSTATE[HY093]: Invalid parameter number"
599,general,"SQLSTATE[HY093]: Invalid parameter number"
600,general,"SQLSTATE[HY093]: Invalid parameter number"
601,general,"SQLSTATE[HY093]: Invalid parameter number"
602,general,"SQLSTATE[HY093]: Invalid parameter number"
603,general,"SQLSTATE[HY093]: Invalid parameter number"
604,general,"SQLSTATE[HY093]: Invalid parameter number"
605,general,"SQLSTATE[HY093]: Invalid parameter number"
606,general,"SQLSTATE[HY093]: Invalid parameter number"
607,general,"SQLSTATE[HY093]: Invalid parameter number"
608,general,"SQLSTATE[HY093]: Invalid parameter number"
609,general,"SQLSTATE[HY093]: Invalid parameter number"
610,general,"SQLSTATE[HY093]: Invalid parameter number"
611,general,"SQLSTATE[HY093]: Invalid parameter number"
612,general,"SQLSTATE[HY093]: Invalid parameter number"
613,general,"SQLSTATE[HY093]: Invalid parameter number"
614,general,"SQLSTATE[HY093]: Invalid parameter number"
615,general,"SQLSTATE[HY093]: Invalid parameter number"
616,general,"SQLSTATE[HY093]: Invalid parameter number"
617,general,"SQLSTATE[HY093]: Invalid parameter number"
618,general,"SQLSTATE[HY093]: Invalid parameter number"
619,general,"SQLSTATE[HY093]: Invalid parameter number"
620,general,"SQLSTATE[HY093]: Invalid parameter number"
621,general,"SQLSTATE[HY093]: Invalid parameter number"
622,general,"SQLSTATE[HY093]: Invalid parameter number"
623,general,"SQLSTATE[HY093]: Invalid parameter number"
624,general,"SQLSTATE[HY093]: Invalid parameter number"
625,general,"SQLSTATE[HY093]: Invalid parameter number"
626,general,"SQLSTATE[HY093]: Invalid parameter number"
627,general,"SQLSTATE[HY093]: Invalid parameter number"
628,general,"SQLSTATE[HY093]: Invalid parameter number"
629,general,"SQLSTATE[HY093]: Invalid parameter number"
630,general,"SQLSTATE[HY093]: Invalid parameter number"
631,general,"SQLSTATE[HY093]: Invalid parameter number"
632,general,"SQLSTATE[HY093]: Invalid parameter number"
633,general,"SQLSTATE[HY093]: Invalid parameter number"
634,general,"SQLSTATE[HY093]: Invalid parameter number"
635,general,"SQLSTATE[HY093]: Invalid parameter number"
636,general,"SQLSTATE[HY093]: Invalid parameter number"
637,general,"SQLSTATE[HY093]: Invalid parameter number"
638,general,"SQLSTATE[HY093]: Invalid parameter number"
639,general,"SQLSTATE[HY093]: Invalid parameter number"
640,general,"SQLSTATE[HY093]: Invalid parameter number"
641,general,"SQLSTATE[HY093]: Invalid parameter number"
642,general,"SQLSTATE[HY093]: Invalid parameter number"
643,general,"SQLSTATE[HY093]: Invalid parameter number"
644,general,"SQLSTATE[HY093]: Invalid parameter number"
645,general,"SQLSTATE[HY093]: Invalid parameter number"
646,general,"SQLSTATE[HY093]: Invalid parameter number"
647,general,"SQLSTATE[HY093]: Invalid parameter number"
648,general,"SQLSTATE[HY093]: Invalid parameter number"
649,general,"SQLSTATE[HY093]: Invalid parameter number"
650,general,"SQLSTATE[HY093]: Invalid parameter number"
651,general,"SQLSTATE[HY093]: Invalid parameter number"
652,general,"SQLSTATE[HY093]: Invalid parameter number"
653,general,"SQLSTATE[HY093]: Invalid parameter number"
654,general,"SQLSTATE[HY093]: Invalid parameter number"
655,general,"SQLSTATE[HY093]: Invalid parameter number"
656,general,"SQLSTATE[HY093]: Invalid parameter number"
657,general,"SQLSTATE[HY093]: Invalid parameter number"
658,general,"SQLSTATE[HY093]: Invalid parameter number"
659,general,"SQLSTATE[HY093]: Invalid parameter number"
660,general,"SQLSTATE[HY093]: Invalid parameter number"
661,general,"SQLSTATE[HY093]: Invalid parameter number"
662,general,"SQLSTATE[HY093]: Invalid parameter number"
663,general,"SQLSTATE[HY093]: Invalid parameter number"
664,general,"SQLSTATE[HY093]: Invalid parameter number"
665,general,"SQLSTATE[HY093]: Invalid parameter number"
666,general,"SQLSTATE[HY093]: Invalid parameter number"
667,general,"SQLSTATE[HY093]: Invalid parameter number"
668,general,"SQLSTATE[HY093]: Invalid parameter number"
669,general,"SQLSTATE[HY093]: Invalid parameter number"
670,general,"SQLSTATE[HY093]: Invalid parameter number"
671,general,"SQLSTATE[HY093]: Invalid parameter number"
672,general,"SQLSTATE[HY093]: Invalid parameter number"
673,general,"SQLSTATE[HY093]: Invalid parameter number"
674,general,"SQLSTATE[HY093]: Invalid parameter number"
675,general,"SQLSTATE[HY093]: Invalid parameter number"
676,general,"SQLSTATE[HY093]: Invalid parameter number"
677,general,"SQLSTATE[HY093]: Invalid parameter number"
678,general,"SQLSTATE[HY093]: Invalid parameter number"
679,general,"SQLSTATE[HY093]: Invalid parameter number"
680,general,"SQLSTATE[HY093]: Invalid parameter number"
681,general,"SQLSTATE[HY093]: Invalid parameter number"
682,general,"SQLSTATE[HY093]: Invalid parameter number"
683,general,"SQLSTATE[HY093]: Invalid parameter number"
684,general,"SQLSTATE[HY093]: Invalid parameter number"
685,general,"SQLSTATE[HY093]: Invalid parameter number"
686,general,"SQLSTATE[HY093]: Invalid parameter number"
687,general,"SQLSTATE[HY093]: Invalid parameter number"
688,general,"SQLSTATE[HY093]: Invalid parameter number"
689,general,"SQLSTATE[HY093]: Invalid parameter number"
690,general,"SQLSTATE[HY093]: Invalid parameter number"
691,general,"SQLSTATE[HY093]: Invalid parameter number"
692,general,"SQLSTATE[HY093]: Invalid parameter number"
693,general,"SQLSTATE[HY093]: Invalid parameter number"
694,general,"SQLSTATE[HY093]: Invalid parameter number"
695,general,"SQLSTATE[HY093]: Invalid parameter number"
696,general,"SQLSTATE[HY093]: Invalid parameter number"
697,general,"SQLSTATE[HY093]: Invalid parameter number"
698,general,"SQLSTATE[HY093]: Invalid parameter number"
699,general,"SQLSTATE[HY093]: Invalid parameter number"
700,general,"SQLSTATE[HY093]: Invalid parameter number"
701,general,"SQLSTATE[HY093]: Invalid parameter number"
702,general,"SQLSTATE[HY093]: Invalid parameter number"
703,general,"SQLSTATE[HY093]: Invalid parameter number"
704,general,"SQLSTATE[HY093]: Invalid parameter number"
705,general,"SQLSTATE[HY093]: Invalid parameter number"
706,general,"SQLSTATE[HY093]: Invalid parameter number"
707,general,"SQLSTATE[HY093]: Invalid parameter number"
708,general,"SQLSTATE[HY093]: Invalid parameter number"
709,general,"SQLSTATE[HY093]: Invalid parameter number"
710,general,"SQLSTATE[HY093]: Invalid parameter number"
711,general,"SQLSTATE[HY093]: Invalid parameter number"
712,general,"SQLSTATE[HY093]: Invalid parameter number"
713,general,"SQLSTATE[HY093]: Invalid parameter number"
714,general,"SQLSTATE[HY093]: Invalid parameter number"
715,general,"SQLSTATE[HY093]: Invalid parameter number"
716,general,"SQLSTATE[HY093]: Invalid parameter number"
717,general,"SQLSTATE[HY093]: Invalid parameter number"
718,general,"SQLSTATE[HY093]: Invalid parameter number"
719,general,"SQLSTATE[HY093]: Invalid parameter number"
720,general,"SQLSTATE[HY093]: Invalid parameter number"
721,general,"SQLSTATE[HY093]: Invalid parameter number"
722,general,"SQLSTATE[HY093]: Invalid parameter number"
723,general,"SQLSTATE[HY093]: Invalid parameter number"
724,general,"SQLSTATE[HY093]: Invalid parameter number"
725,general,"SQLSTATE[HY093]: Invalid parameter number"
726,general,"SQLSTATE[HY093]: Invalid parameter number"
727,general,"SQLSTATE[HY093]: Invalid parameter number"
728,general,"SQLSTATE[HY093]: Invalid parameter number"
729,general,"SQLSTATE[HY093]: Invalid parameter number"
730,general,"SQLSTATE[HY093]: Invalid parameter number"
